{
    "@type": "ModComponentAPI.ModBlueprint",
    "RequiredGear": ["GEAR_Hardwood"],
    "RequiredGearUnits": [1],
    "KeroseneLitersRequired": 0,
    "GunpowderKGRequired": 0,
    "RequiredTool": "GEAR_Knife",
    "OptionalTools": ["GEAR_KnifeImprovised","GEAR_Hatchet","GEAR_HatchetImprovised"],
    "RequiredCraftingLocation": "Anywhere",
    "RequiresLitFire": false,
    "RequiresLight": true,
    "CraftedResult": "GEAR_WolfToy",
    "CraftedResultCount": 1,
    "CraftingIcon" : "ico_CraftItem__GenericTool",
    "DurationMinutes": 120,
    "CraftingAudio": "",
    "AppliedSkill" : "None",
    "ImprovedSkill" : "None"
}