{
    "ModGenericComponent": {
                                "DisplayNameLocalizationId" : "GAMEPLAY_BearToy",
                                "DescriptionLocalizatonId" : "GAMEPLAY_BearToyDescription",
                                "InventoryActionLocalizationId" : "",
                                "WeightKG": 0.1,
                                "DaysToDecay" : 0,
                                "MaxHP" : 100,
                                "InitialCondition" : "Perfect",
                                "InventoryCategory" : "Tool",
                                "Radial" : "None",
                                "PickUpAudio" : "",
                                "PutBackAudio" : "",
                                "StowAudio" : "Play_InventoryStow",
                                "WornOutAudio" : "",
                                "InspectOnPickup" : true,
                                "InspectDistance" : 0.4,
                                "InspectAngles" : [0, 90, 0],
                                "InspectOffset" : [-0.2, -0.1, 0],
                                "InspectScale" :  [1, 1, 1],
                                "NormalModel" : "",
                                "InspectModel" : ""
                            },
    "ModBurnableComponent": {
                                "BurningMinutes" : 1,
                                "BurningMinutesBeforeAllowedToAdd" : 0,
                                "SuccessModifier" : 0,
                                "TempIncrease" : 0.5
                            }
}